{"1": [0.9], "2": [0.8167500000000001, 0.8167500000000001], "3": [0.7980187500000001, 0.7965000000000001, 0.79633125], "4": [0.7980187500000001, 0.7965000000000001, 0.6119550000000001, 0.6114867187500002], "5": [0.7980187500000001, 0.7965000000000001, 0.5967826875000002, 0.5950842187500002, 0.5961995507812501], "6": [0.7980187500000001, 0.7965000000000001, 0.5967826875000002, 0.5950842187500002, 0.5961995507812501, 0.5325740112304689], "7": [0.7980187500000001, 0.7965000000000001, 0.5967826875000002, 0.5950842187500002, 0.5961995507812501, 0.5192879862304689, 0.48292434318603533], "8": [0.7980187500000001, 0.7965000000000001, 0.5967826875000002, 0.5950842187500002, 0.5961995507812501, 0.5192879862304689, 0.3982036654951174, 0.3982015170719606], "9": [0.7980187500000001, 0.7965000000000001, 0.5967826875000002, 0.5950842187500002, 0.5961995507812501, 0.5192879862304689, 0.38824911126386735, 0.3874398368219606, 0.3882464791451616], "10": [0.7980187500000001, 0.7965000000000001, 0.5967826875000002, 0.5950842187500002, 0.5961995507812501, 0.5192879862304689, 0.38824911126386735, 0.3874398368219606, 0.3882464791451616, 0.7166119577136348]}