{"1": [0.9993808436334335], "2": [0.9993944265315037, 0.9993381710726816], "3": [0.9993972346000836, 0.9993625890603333, 0.9992571065415189], "4": [0.9993972346000836, 0.9993625890603333, 0.9993807921312154, 0.9992348326558396], "5": [0.9993972346000836, 0.9993625890603333, 0.9993808520018452, 0.9992353090178062, 0.9989695611394862], "6": [0.9993972346000836, 0.9993625890603333, 0.9993808520018452, 0.9992353090178062, 0.9989695611394862, 0.9987368719355495], "7": [0.9993972346000836, 0.9993625890603333, 0.9993808520018452, 0.9992353090178062, 0.9989695611394862, 0.9987368765015193, 0.9979622269199668], "8": [0.9993972346000836, 0.9993625890603333, 0.9993808520018452, 0.9992353090178062, 0.9989695611394862, 0.9987368765015193, 0.9982038691400873, 0.9970141564605488], "9": [0.9993972346000836, 0.9993625890603333, 0.9993808520018452, 0.9992353090178062, 0.9989695611394862, 0.9987368765015193, 0.998203869144301, 0.9970141564912258, 0.9942336816985116], "10": [0.9993972346000836, 0.9993625890603333, 0.9993808520018452, 0.9992353090178062, 0.9989695611394862, 0.9987368765015193, 0.998203869144301, 0.9970141564912258, 0.9942336816985116, 0.9774506649002432]}