{"1": [0.9], "2": [0.8171999999999999, 0.8172], "3": [0.8022960000000001, 0.801, 0.8008560000000001], "4": [0.8022960000000001, 0.801, 0.609372, 0.6088420800000001], "5": [0.8022960000000001, 0.801, 0.5972997600000001, 0.5957200800000002, 0.5966652384000001], "6": [0.802296, 0.801, 0.5972997600000001, 0.5957200800000002, 0.5966652384000001, 0.5324192565120002], "7": [0.8022960000000001, 0.801, 0.5972997600000001, 0.5957200800000001, 0.5966652384000001, 0.5217904365120002, 0.48330238352256016], "8": [0.802296, 0.801, 0.5972997600000001, 0.5957200800000001, 0.5966652384000001, 0.5217904365120002, 0.39605754018240014, 0.3960547713715969], "9": [0.802296, 0.801, 0.5972997600000001, 0.5957200800000002, 0.5966652384000001, 0.5217904365120002, 0.3881369435184001, 0.38744542717159697, 0.38813367594416504], "10": [0.8022960000000001, 0.801, 0.5972997600000001, 0.5957200800000002, 0.5966652384000001, 0.5217904365120002, 0.3881369435184001, 0.38744542717159697, 0.38813367594416504, 0.7503729859171355]}