{"1": [0.6667], "2": [0.53336, 0.44448888999999997], "3": [0.53336, 0.44448888999999997, 0.0], "4": [0.6044782223999999, 0.0, 0.0, 0.19757037333343205], "5": [0.6044782223999999, 0.0, 0.0, 0.19757037333343205, 0.0], "6": [0.5428429037748159, 0.44448888999999997, 0.23707259437039993, 0.19757037333343205, 0.0, 0.0], "7": [0.6057426727893339, 0.0, 0.03161125973334913, 0.08781783593986281, 0.0, 0.0, 0.0], "8": [0.6152536782716507, 0.0, 0.26938639679126797, 0.0, 0.017563567187972563, 0.0, 0.0, 0.03903405241911172], "9": [0.6057426727893339, 0.0, 0.03161125973334913, 0.0, 0.0, 0.0, 0.0, 0.03903405241911172, 0.0], "10": [0.5346244503893339, 0.44448888999999997, 0.03161125973334913, 0.0, 0.0, 0.0, 0.0, 0.03903405241911172, 0.0, 0.0]}