{"1": [0.6667], "2": [0.53336], "3": [0.47410963096299996, 0.3852118529629999, 0.4266879999999999], "4": [0.47410963096299996, 0.22059127790139912], "5": [0.22585850405446842, 0.2943419275408256, 0.26076918714079994]}