{"1": [0.6667], "2": [0.53336, 0.53336], "3": [0.3970619267703999, 0.3852118529629999, 0.4266879999999999], "4": [0.3970619267703999, 0.22059127790139912, 0.3792877047703999, 0.3413503999999999], "5": [0.2669526675626336, 0.23727982803375974, 0.18308076153108557, 0.14014456978192127, 0.2730803199999999], "6": [0.1908546482354284, 0.24618963085067438, 0.14883391301746846, 0.13329930887916705, 0.14372691555888614, 0.21846425599999988], "7": [0.24312407358025553, 0.14164393107611906, 0.20018620786183633, 0.10120912807436873, 0.0621526875094776, 0.05930618942610469, 0.1747714047999999], "8": [0.22998846323799527, 0.11489511274782176, 0.12408818853463116, 0.06119722295664122, 0.06566360966346599, 0.06222719915852798, 0.0614958052912618, 0.1398171238399999], "9": [0.1525948482365262, 0.11232804266229275, 0.0804102475239982, 0.02760314372558968, 0.03275135879985515, 0.06234883184653032, 0.035944175788757436, 0.026080726991785017, 0.1118536990719999], "10": [0.11404981874042909, 0.1315598813173045, 0.03891116954831529, 0.05927264861280074, 0.052230943343345056, 0.02108477656044409, 0.027149483440730843, 0.0260785657139315, 0.027110029980485888, 0.08948295925759991]}