{"1": [0.6667], "2": [0.53336, 0.53336], "3": [0.3970619267703999, 0.3852118529629999, 0.4266879999999999], "4": [0.3970619267703999, 0.22059127790139912, 0.3792877047703999, 0.3413503999999999], "5": [0.2669526675626336, 0.23727982803375974, 0.18308076153108557, 0.14014456978192127, 0.2730803199999999], "6": [0.1908546482354284, 0.24618963085067438, 0.14883391301746846, 0.13329930887916705, 0.14372691555888614, 0.21846425599999988], "7": [0.24312407358025553, 0.14164393107611906, 0.20018620786183633, 0.10120912807436873, 0.0621526875094776, 0.059306189426104695, 0.1747714047999999]}