{"1": [0.6667], "2": [0.53336, 0.53336], "3": [0.53336, 0.3852118529629999, 0.011846518962999994], "4": [0.6044782223999999, 0.08887110999999998, 0.06319881380736789, 0.3413503999999999], "5": [0.6044782223999999, 0.13628562887407997, 0.06319881380736789, 0.14014456978192127, 0.00021049949233646088], "6": [0.5428429037748159, 0.3852118529629999, 0.20941689229643204, 0.13329930887916705, 0.00568670821453985, 0.0010106502257714552], "7": [0.6057426727893339, 0.08887110999999998, 0.06319881380736789, 0.10120912807436873, 0.00021049949233646088, 2.805958232845023e-05, 0.004852334167244796], "8": [0.6152536782716507, 0.08887110999999998, 0.26076918714079994, 0.011234572630597748, 0.004774234936202711, 0.015854182724030833, 0.00042553821427783066, 0.1398171238399999], "9": [0.6057426727893339, 0.13712863794864893, 0.06319881380736789, 0.029499628744746, 0.014261353242714509, 2.805958232845023e-05, 0.00042553821427783066, 0.026080726991785014, 6.646173132429544e-08], "10": [0.5346244503893339, 0.3852118529629999, 0.016061564335844766, 0.03581571595050797, 0.0011229727706736008, 0.00014969227033079094, 0.010636109153988521, 0.0260785657139315, 0.0009020134755088695, 3.190960843777125e-07]}