{"1": [0.8], "2": [0.938672, 0.938672], "3": [0.9617851556, 0.96534, 0.9795593776], "4": [0.9617851556, 0.96534, 0.995059502, 0.99752354951408], "5": [0.9617851556, 0.96534, 0.995984028224, 0.99859026951408, 0.9991745990530428], "6": [0.9617851556, 0.96534, 0.995984028224, 0.99859026951408, 0.9991745990530428, 0.999888197943666], "7": [0.9617851556, 0.96534, 0.995984028224, 0.99859026951408, 0.9991745990530428, 0.999930866743666, 0.9999613720455297], "8": [0.9617851556, 0.96534, 0.995984028224, 0.99859026951408, 0.9991745990530428, 0.999930866743666, 0.9999944700319434, 0.9999969993497397], "9": [0.9617851556, 0.96534, 0.995984028224, 0.99859026951408, 0.9991745990530428, 0.999930866743666, 0.9999959492739018, 0.9999987061017398, 0.9999989998832682], "10": [0.9617851556, 0.96534, 0.995984028224, 0.99859026951408, 0.9991745990530428, 0.999930866743666, 0.9999959492739018, 0.9999987061017398, 0.9999989998832682, 0.9999898480886052]}